,shortest_path,min_max_percentage,least_used_capacity_percentage,least_conflict_value,ILP
1,1.341402879151975,1.5784609518621906,1.9045052889433245,1.3683340182677004,1.4523769106241997
2,1.2590464379531883,1.418870417940112,2.247440353269693,1.295866351688361,1.4050453434011987
3,1.2351944054294566,1.3891956080025012,1.5548463517503164,1.2615112605231933,1.3338976029454006
4,1.2329216652268324,1.347053485014359,1.6368164608471039,1.2497270076344644,1.3325941867269042
