,shortest_path,min_max_percentage,least_used_capacity_percentage,least_conflict_value,ILP
1,1.4196802469931964,1.7307197734410054,2.0413222332670644,1.4475331156585134,1.4894158503703196
2,1.3947801904064443,2.011423872522277,1.7246382731584553,1.380713835209015,1.5473220515152502
3,1.3842919952388035,1.5375796672475115,1.774736698637052,1.4099548347529816,2.1596045659056826
4,1.3883113101733966,1.4523299162546666,1.8989974644471392,1.407382386075593,1.683123292618163
