,shortest_path,min_max_percentage,least_used_capacity_percentage,least_conflict_value,ILP
1,0.18181818181818182,0.13636363636363635,0.0,0.29545454545454547,0.18181818181818182
2,0.45454545454545453,0.20454545454545456,0.06818181818181818,0.5454545454545454,0.22727272727272727
3,0.3170731707317073,0.12195121951219512,0.07317073170731707,0.2926829268292683,0.24390243902439024
4,0.3783783783783784,0.2972972972972973,0.05405405405405406,0.24324324324324326,0.1891891891891892
