,shortest_path,min_max_percentage,least_used_capacity_percentage,least_conflict_value,ILP
1,0.4772727272727273,0.13636363636363635,0.045454545454545456,0.5454545454545454,0.22727272727272727
2,0.7272727272727273,0.38636363636363635,0.18181818181818182,0.5909090909090909,0.5454545454545454
3,0.5238095238095238,0.40476190476190477,0.09523809523809523,0.7142857142857143,0.5238095238095238
4,0.717948717948718,0.5384615384615384,0.20512820512820512,0.7692307692307693,0.5128205128205128
